{"key": null, "value": {"duration": -0.0212668396829506, "src_bytes": 0.0122052549145506, "land": -0.059103939684429, "logged_in": -0.0164935580065733, "is_host_login": -0.1710713226526919, "is_guest_login": -0.3892153954223155, "count": 0.0098317486822359, "serror_rate": -0.3473899835759735, "srv_rerror_rate": 0.6294875358405384, "same_srv_rate": -0.3630345025240334, "dst_host_count": 1.0220785636428729, "dst_host_same_srv_rate": -0.4102171749164606, "dst_host_same_src_port_rate": -0.2299804114222935, "dst_host_srv_diff_host_rate": -0.3581175602375767, "dst_host_serror_rate": -0.3527495979187268, "dst_host_rerror_rate": -0.5654830758530992, "dst_host_srv_rerror_rate": 0.6983253697761022}}